0.059035, 0, 1, 4, -1.600151, -18.425635, -0.939173, 2.117979, -1.321602, -18.451853, -1.736328, 0
0.091644, 0, 1, 8, -1.607146, -18.454789, -0.895353, 2.100765, -1.543954, -18.438703, -0.669897, 0
0.121329, 0, 1, 4, -1.605638, -18.245758, -0.835756, 2.178601, -0.615527, -18.002967, 0.770657, 0
0.153089, 0, 1, 8, -1.608790, -18.518418, -0.952274, 2.135060, -1.126506, -18.518665, -2.509938, 0
0.170939, 0, 1, 8, -1.619443, -18.441517, -0.884068, 2.090957, -1.692592, -18.366269, -0.119379, 0
0.188241, 0, 1, 8, -1.599850, -18.353236, -0.894049, 2.168388, -0.709025, -18.173881, 0.449450, 0
0.207983, 0, 1, 8, -1.612716, -18.463694, -0.892312, 2.101453, -1.538533, -18.465756, -0.910411, 0
0.232508, 0, 1, 8, -1.608806, -18.381086, -0.894448, 2.150840, -0.952323, -18.166560, 0.705760, 0
0.257262, 0, 1, 8, -1.611366, -18.394609, -0.897951, 2.136735, -1.138552, -18.169345, 0.788542, 0
0.269919, 0, 1, 8, -1.606979, -18.392585, -0.888778, 2.128444, -1.178535, -18.374130, -0.657977, 0
0.284817, 0, 1, 8, -1.614283, -18.424992, -0.902204, 2.124444, -1.238521, -18.430830, -0.994351, 0
0.317086, 0, 1, 8, -1.612807, -18.393702, -0.895867, 2.112786, -1.400043, -18.344346, -0.322876, 0
0.340962, 0, 1, 4, -1.567052, -18.388398, -0.899221, 2.235530, 0.254834, -18.286912, -1.014751, 0
0.354355, 0, 1, 8, -1.602822, -18.452113, -0.910702, 2.167529, -0.659326, -18.446408, -1.199268, 0
0.372253, 0, 1, 8, -1.598494, -18.481694, -0.934247, 2.172461, -0.611728, -18.482336, -1.902865, 0
0.390096, 0, 1, 8, -1.576501, -18.480574, -0.898175, 2.144521, -0.969650, -18.454465, -0.644352, 0
0.405172, 0, 1, 8, -1.589011, -18.428482, -1.002623, 2.073236, -1.931923, -18.439900, -1.574302, 0
0.420493, 0, 1, 8, -1.604122, -18.434118, -1.020284, 2.096609, -1.671390, -18.373786, -0.314184, 0
0.453313, 0, 1, 8, -1.486937, -18.585995, -1.447362, 1.878855, -4.603347, -18.090270, -3.396854, 0
0.470958, 0, 1, 4, -1.312642, -18.070326, -1.442083, 1.962598, -3.484871, -16.653775, 3.679847, 0
0.666962, 0, 1, 4, -0.726672, -19.085723, -1.545444, 1.112290, -13.533669, -11.515029, -0.213655, 0
0.699370, 0, 1, 6, -1.514049, -18.607099, -1.380181, 2.431926, 0.891730, -18.366071, -0.722141, 0
0.714787, 0, 1, 6, -1.607538, -18.345130, -1.273594, 2.168656, -3.061120, -18.249428, -1.589233, 0
0.731375, 0, 1, 6, -1.643858, -18.389477, -0.988918, 2.107675, -3.386087, -18.133228, 0.070880, 0
0.767349, 0, 1, 6, -1.657458, -18.765634, -1.208970, 2.074046, -2.187999, -17.023925, 4.805070, 0
0.781777, 0, 1, 8, -1.553973, -18.417079, -0.978714, 2.214699, -2.367168, -18.395840, -1.232720, 0
0.799214, 0, 1, 8, -1.583226, -17.694111, -1.140412, 1.994186, -4.917610, -17.198825, -1.604887, 0
0.814573, 0, 1, 8, -1.551867, -18.145082, -0.916390, 2.031916, -4.226855, -17.792111, -0.464304, 0
0.865075, 0, 1, 8, -1.565240, -18.075225, -0.880532, 2.036616, -4.196678, -17.762287, -0.824855, 0
0.869980, 0, 1, 8, -1.513554, -18.266895, -0.970088, 2.177237, -3.194616, -18.081454, -3.225946, 0
0.899316, 0, 1, 8, -1.598859, -18.033519, -1.240926, 2.239961, -2.204755, -17.924029, -3.303157, 0
0.914875, 0, 1, 4, -1.529523, -17.791368, -1.266559, 2.452690, 1.126667, -17.530590, -2.061283, 0
0.931713, 0, 1, 8, -1.675767, -17.727925, -1.265198, 2.131687, -2.551744, -17.675681, -1.203213, 0
0.946459, 0, 1, 8, -1.705024, -17.731572, -1.289911, 2.192732, -1.656619, -17.715501, -0.956319, 0
0.963959, 0, 1, 8, -1.757173, -17.699678, -1.334121, 2.231615, -1.677980, -17.672524, -2.689188, 0
0.979162, 0, 1, 8, -1.790876, -17.659295, -1.366443, 2.210368, -1.538835, -17.670365, -1.748888, 0
0.995622, 0, 1, 8, -1.868572, -17.593877, -1.370132, 2.150539, -2.062256, -17.587196, -1.441032, 0
1.011539, 0, 1, 8, -1.883112, -17.562546, -1.385637, 2.187018, -1.587546, -17.574041, -1.549210, 0
1.026453, 0, 1, 8, -1.904470, -17.513216, -1.407101, 2.191313, -1.382005, -17.527699, -1.732629, 0
1.061373, 0, 1, 4, -1.818456, -17.162141, -1.418682, 2.077793, -2.451938, -17.127078, -1.596987, 0
1.078608, 0, 1, 8, -1.849109, -17.175112, -1.404053, 2.021955, -2.830896, -17.069646, -0.872196, 0
1.093008, 0, 1, 8, -1.876596, -17.040033, -1.449361, 2.069509, -2.430259, -17.008212, -1.870194, 0
1.111884, 0, 1, 8, -1.901124, -17.106838, -1.440487, 2.029940, -2.883485, -17.012643, -2.357333, 0
1.126640, 0, 1, 8, -1.851292, -17.026725, -1.406057, 2.127947, -1.413107, -17.039784, -1.782629, 0
1.141398, 0, 1, 8, -1.899988, -17.000061, -1.419454, 2.076108, -2.342680, -16.904782, -3.043891, 0
1.158766, 0, 1, 4, -1.941428, -16.704051, -1.431096, 2.072587, -2.215337, -16.614780, -3.067630, 0
1.175895, 0, 1, 8, -1.999500, -16.769102, -1.357060, 1.970943, -3.117029, -16.633263, -2.562615, 0
1.191832, 0, 1, 8, -2.031733, -16.405268, -1.357702, 1.889196, -4.090025, -15.868404, -3.949553, 0
1.208165, 0, 1, 8, -2.082731, -16.380136, -1.351414, 1.879008, -4.090875, -15.773049, -4.265013, 0
1.224685, 0, 1, 8, -2.122139, -16.486741, -1.139577, 2.044992, -1.259086, -16.066788, 1.395681, 0
1.241387, 0, 1, 7, -2.070310, -16.624411, -1.204377, 1.700527, -5.370569, -15.854569, -3.044632, 0
1.257934, 0, 1, 7, -1.689530, -17.272536, -0.995051, 1.074715, -10.716997, -12.765571, -2.110205, 0
1.407730, 0, 1, 4, -2.157812, -15.155171, -1.247931, 1.800328, -2.682254, -15.058160, -0.715157, 0
1.425149, 0, 1, 4, -1.959946, -15.607643, -0.873839, 1.909896, -1.563995, -14.289392, 3.346238, 0
1.441889, 0, 1, 8, -1.877537, -15.442187, -1.357691, 1.554060, -4.770912, -14.572351, -4.137760, 0
1.459061, 0, 1, 8, -1.846539, -15.428146, -1.411878, 1.627874, -4.027304, -14.932250, -3.515397, 0
1.473461, 0, 1, 8, -1.817746, -15.367168, -1.421877, 1.630226, -3.973512, -14.975140, -2.909250, 0
1.488658, 0, 1, 8, -1.807132, -15.324794, -1.460287, 1.853422, -1.835337, -15.242550, -3.043136, 0
1.505021, 0, 1, 8, -1.800860, -15.095390, -1.495844, 1.763063, -2.701630, -14.961216, -2.813011, 0
1.519922, 0, 1, 8, -1.779227, -15.084130, -1.523596, 1.773034, -2.614892, -14.937711, -2.992444, 0
1.536947, 0, 1, 8, -1.744675, -15.056602, -1.513725, 1.805344, -2.304654, -14.979919, -2.667620, 0
1.554428, 0, 1, 8, -1.730670, -14.889122, -1.564963, 1.834350, -2.060548, -14.776079, -3.104168, 0
1.571652, 0, 1, 8, -1.725321, -14.813346, -1.565337, 1.794205, -2.450790, -14.704745, -2.789582, 0
1.589591, 0, 1, 8, -1.699023, -14.707558, -1.546667, 1.840424, -2.035200, -14.650978, -2.634200, 0
1.606089, 0, 1, 8, -1.693046, -14.667969, -1.544873, 1.781178, -2.603044, -14.586754, -2.202440, 0
1.620972, 0, 1, 8, -1.663090, -14.589054, -1.552620, 1.784551, -2.587107, -14.490963, -2.467537, 0
1.637949, 0, 1, 8, -1.655221, -14.509543, -1.569827, 1.859046, -1.952597, -14.483442, -2.274816, 0
1.652110, 0, 1, 8, -1.637444, -14.427551, -1.607382, 1.833401, -2.208681, -14.359037, -2.567162, 0
1.669435, 0, 1, 8, -1.643524, -14.151177, -1.550523, 1.791396, -2.593840, -14.076334, -1.829806, 0
1.686509, 0, 1, 8, -1.646035, -14.200329, -1.646857, 1.829664, -2.341562, -14.057297, -3.048540, 0
1.701233, 0, 1, 8, -1.672215, -13.684368, -1.818189, 1.939425, -1.869899, -12.513192, -5.955560, 0
1.718424, 0, 1, 8, -1.572707, -14.092962, -1.679562, 1.767065, -2.881523, -13.825288, -3.309121, 0
1.736085, 0, 1, 8, -1.555747, -14.044612, -1.644785, 1.790605, -2.721347, -13.783647, -3.404369, 0
1.777932, 0, 1, 8, -1.517925, -13.970022, -1.626096, 1.815889, -2.531052, -13.821932, -2.883112, 0
1.797672, 0, 1, 8, -1.506990, -13.783434, -1.635421, 1.768333, -2.962370, -13.422745, -3.620694, 0
1.816873, 0, 1, 8, -1.559655, -13.439727, -1.779071, 1.883465, -2.334591, -12.445430, -5.492345, 0
1.834620, 0, 1, 8, -1.485688, -13.619953, -1.663807, 1.741965, -3.203767, -13.209228, -3.579104, 0
1.851871, 0, 1, 8, -1.454424, -13.536460, -1.823345, 2.005706, -1.085024, -13.434944, -2.981284, 0
1.877187, 0, 1, 7, -1.518539, -13.292651, -1.818856, 1.904181, -2.056802, -12.952000, -3.943243, 0
1.884468, 0, 1, 8, -1.495538, -13.231317, -1.776567, 1.971075, -1.470165, -13.210658, -2.318486, 0
1.901466, 0, 1, 7, -1.550030, -12.934257, -2.014076, 1.932914, -2.157633, -11.921767, -5.436771, 0
1.918420, 0, 1, 7, -1.447708, -13.150352, -1.869765, 2.041924, -0.939104, -13.127302, -2.116596, 0
1.932930, 0, 1, 7, -1.473096, -13.077569, -1.868363, 1.947506, -1.721387, -13.058411, -2.216156, 0
1.950027, 0, 1, 7, -1.472257, -12.961660, -1.909457, 1.985912, -1.457659, -12.942990, -2.302519, 0
1.965372, 0, 1, 7, -1.539366, -12.607853, -2.133225, 1.954658, -2.083627, -11.708233, -5.173228, 0
1.982327, 0, 1, 7, -1.515717, -12.615186, -2.154143, 1.961148, -2.045962, -11.726144, -5.164645, 0
1.999392, 0, 1, 7, -1.501682, -12.503156, -2.168130, 1.957394, -2.096944, -11.582736, -5.183180, 0
2.014575, 0, 1, 7, -1.417957, -12.709200, -1.955530, 2.015200, -1.322693, -12.710520, -1.865490, 0
2.029409, 0, 1, 7, -1.498136, -12.403388, -2.205703, 1.951035, -2.150477, -11.590781, -4.952587, 0
2.046770, 0, 1, 7, -1.436000, -12.545452, -2.024858, 1.939919, -1.940839, -12.489838, -2.516880, 0
2.063974, 0, 1, 7, -1.420466, -12.468616, -2.043320, 1.990258, -1.584316, -12.458771, -2.193824, 0
2.080932, 0, 1, 7, -1.489682, -12.248466, -2.263601, 1.937864, -2.251214, -11.528339, -4.715578, 0
2.095325, 0, 1, 7, -1.403698, -12.390128, -2.094679, 2.051040, -1.184383, -12.385348, -2.108619, 0
2.122670, 0, 1, 7, -1.424914, -12.298662, -2.128802, 1.986542, -1.676101, -12.281477, -2.309122, 0
2.132250, 0, 1, 7, -1.396241, -12.250431, -2.126312, 2.036326, -1.327089, -12.252071, -2.083312, 0
2.149320, 0, 1, 7, -1.409637, -12.152603, -2.162698, 2.006036, -1.566718, -12.151549, -2.154448, 0
2.164622, 0, 1, 7, -1.370681, -12.124983, -2.226590, 2.022629, -1.441599, -12.120939, -2.281994, 0
2.181980, 0, 1, 7, -1.411852, -12.028407, -2.304924, 1.923874, -2.161586, -11.933167, -2.748611, 0
2.197083, 0, 1, 8, -1.349693, -12.010545, -2.306716, 1.960837, -1.846497, -12.020094, -1.648182, 0
2.214295, 0, 1, 4, -1.464122, -11.722797, -2.328732, 2.079723, -1.217348, -11.739206, -2.050071, 0
2.245907, 0, 1, 4, -1.248748, -11.602759, -2.436098, 1.811493, -2.782059, -11.177594, -3.665002, 0
2.375107, 0, 1, 8, -1.300508, -11.361497, -2.145976, 1.790784, -3.123932, -11.017759, -0.657913, 0
2.392167, 0, 1, 8, -1.275252, -11.121850, -2.272049, 2.143113, -1.181065, -11.109315, -2.364031, 0
2.409113, 0, 1, 8, -1.311971, -11.061362, -2.239579, 2.112428, -1.394459, -11.068842, -2.159459, 0
2.426709, 0, 1, 8, -1.318232, -11.042425, -2.212176, 2.119619, -1.375764, -11.048410, -2.144646, 0
2.441332, 0, 1, 8, -1.307027, -10.983829, -2.208360, 2.142831, -1.273450, -10.987125, -2.156229, 0
2.458542, 0, 1, 8, -1.285686, -10.916476, -2.169976, 2.162879, -1.137364, -10.918770, -2.048400, 0
2.474485, 0, 1, 8, -1.317628, -10.844878, -2.150682, 2.109351, -1.450835, -10.857265, -1.944471, 0
2.492377, 0, 1, 8, -1.326295, -10.752268, -2.153561, 2.126713, -1.424374, -10.753252, -2.152065, 0
2.508300, 0, 1, 8, -1.320900, -10.709873, -2.148923, 2.127994, -1.432280, -10.709649, -2.164245, 0
2.525626, 0, 1, 8, -1.319527, -10.626529, -2.124195, 2.127025, -1.393467, -10.636339, -1.971026, 0
2.540873, 0, 1, 8, -1.305644, -10.547768, -2.139279, 2.149331, -1.289910, -10.546882, -2.145704, 0
2.558125, 0, 1, 8, -1.328916, -10.401936, -2.149992, 2.135206, -1.351850, -10.410230, -2.036724, 0
2.573391, 0, 1, 8, -1.293011, -10.362586, -2.136176, 2.184676, -1.063499, -10.360823, -1.983284, 0
2.590418, 0, 1, 8, -1.311069, -10.336827, -2.113285, 2.138843, -1.316089, -10.344618, -1.989768, 0
2.607447, 0, 1, 8, -1.307488, -10.215797, -2.116947, 2.168849, -1.145068, -10.218253, -1.968767, 0
2.624548, 0, 1, 7, -1.305912, -10.165245, -2.140325, 2.177527, -1.147787, -10.158148, -2.146155, 0
2.639629, 0, 1, 7, -1.286461, -10.066739, -2.087131, 2.205297, -0.899046, -10.051168, -1.778258, 0
2.656838, 0, 1, 7, -1.337060, -9.961780, -2.106306, 2.107760, -1.471078, -9.963416, -2.092240, 0
2.668826, 0, 1, 7, -1.323725, -9.934612, -2.065924, 2.129069, -1.305839, -9.942956, -1.897491, 0
2.687717, 0, 1, 7, -1.342990, -9.787993, -2.110093, 2.094463, -1.516464, -9.786756, -2.120963, 0
2.704634, 0, 1, 6, -1.286707, -9.730480, -2.061625, 2.209860, -0.880506, -9.708246, -1.851133, 0
2.721630, 0, 1, 6, -1.302473, -9.651069, -2.067954, 2.188854, -0.960074, -9.638627, -1.823266, 0
2.740128, 0, 1, 6, -1.356156, -9.502566, -2.123275, 2.129531, -1.321261, -9.498168, -2.160842, 0
2.755038, 0, 1, 6, -1.383144, -9.451461, -2.093638, 2.087685, -1.481458, -9.455153, -2.044620, 0
2.772449, 0, 1, 4, -1.265716, -9.225657, -2.101093, 2.200270, -1.220095, -9.087294, -2.808893, 0
2.851835, 0, 1, 4, -1.263204, -8.935194, -2.043198, 2.175001, -1.001806, -8.921163, -1.926261, 0
2.868911, 0, 1, 5, -1.292131, -8.582750, -1.999648, 2.176983, -1.168048, -8.529060, -2.336353, 0
2.937354, 0, 1, 5, -1.201316, -8.139539, -2.055752, 2.239645, -1.023693, -8.017320, -2.534858, 0
2.954341, 0, 1, 6, -1.239944, -8.095391, -1.821706, 2.206979, -0.963995, -8.048120, -2.019272, 0
3.463191, 0, 2, 4, -1.344962, -5.731582, -1.137414, 1.903885, -1.846554, -5.269208, -4.187064, 0
3.480371, 0, 2, 8, -1.766638, -7.185316, -1.075399, 1.736345, -4.373411, -5.807221, -1.152294, 0
3.494622, 0, 2, 8, -1.400913, -6.105560, -1.271276, 1.715316, -3.913315, -4.741248, -1.300259, 0
3.514344, 0, 2, 8, -1.397093, -5.998345, -1.351415, 1.679556, -4.198550, -4.413633, -1.387145, 0
3.529044, 0, 2, 8, -1.437339, -5.917506, -1.405084, 1.649437, -4.448578, -4.144251, -1.308725, 0
3.542920, 0, 2, 8, -1.430499, -5.695233, -1.495127, 1.656461, -4.240661, -4.047932, -1.539652, 0
3.562145, 0, 2, 8, -1.312711, -5.414232, -1.508362, 1.740125, -3.109843, -4.458899, -1.268821, 0
3.576897, 0, 2, 8, -1.443978, -5.501920, -1.557094, 1.650380, -4.112974, -3.910247, -1.118746, 0
3.594307, 0, 2, 8, -1.502942, -5.590271, -1.565784, 1.576202, -4.888696, -3.421090, -1.461563, 0
3.611402, 0, 2, 8, -1.413082, -5.287669, -1.605517, 1.612312, -4.300441, -3.514160, -1.836827, 0
3.628325, 0, 2, 8, -1.547261, -5.336716, -1.621689, 1.536533, -5.089009, -2.941612, -1.357088, 0
3.643063, 0, 2, 8, -1.405194, -4.973965, -1.656173, 1.644718, -3.753077, -3.570563, -2.090122, 0
3.660105, 0, 2, 8, -1.483108, -5.003256, -1.606469, 1.590210, -4.286734, -3.187692, -0.895033, 0
3.674745, 0, 2, 8, -1.492630, -4.810773, -1.664746, 1.583398, -4.239205, -3.032367, -1.320341, 0
3.691829, 0, 2, 8, -1.555208, -4.766050, -1.691006, 1.616424, -3.893862, -3.282293, -1.043083, 0
3.708847, 0, 2, 8, -1.493117, -4.564002, -1.746342, 1.626631, -3.606226, -3.266421, -1.608731, 0
3.723955, 0, 2, 4, -1.469286, -4.394762, -1.773631, 1.594948, -3.755188, -2.940288, -1.531993, 0
3.740886, 0, 2, 8, -1.525695, -4.426388, -1.756717, 1.519864, -4.405089, -2.440337, -2.133499, 0
3.757907, 0, 2, 8, -1.512132, -4.287101, -1.743631, 1.580225, -3.752886, -2.830657, -1.252781, 0
3.775046, 0, 2, 8, -1.545187, -4.200919, -1.809425, 1.552322, -3.940758, -2.604275, -1.874003, 0
3.790167, 0, 2, 8, -1.454564, -4.020878, -1.776212, 1.612125, -3.213404, -2.916724, -1.220660, 0
3.807163, 0, 2, 8, -1.610571, -4.110312, -1.798067, 1.521707, -4.134101, -2.364354, -1.608232, 0
3.824330, 0, 2, 8, -1.592370, -3.978940, -1.850533, 1.500608, -4.210345, -2.124398, -1.839060, 0
3.865903, 0, 2, 8, -1.555704, -3.809084, -2.103756, 1.578854, -3.365702, -2.640417, -1.636088, 0
3.880948, 0, 2, 8, -1.540546, -3.651460, -1.873474, 1.557339, -3.447146, -2.346311, -0.985431, 0
3.890516, 0, 2, 8, -1.555587, -3.415372, -1.845416, 1.675355, -2.344066, -2.941349, -1.990106, 0
3.907884, 0, 2, 8, -1.522461, -3.320551, -1.799904, 1.507250, -3.690385, -1.720067, -0.865436, 0
3.924949, 0, 2, 8, -1.597432, -3.295035, -1.816164, 1.484096, -3.905137, -1.570136, -1.264853, 0
3.939974, 0, 2, 8, -1.580274, -3.144220, -1.824806, 1.443203, -4.119716, -1.160918, -1.394961, 0
3.954707, 0, 2, 8, -1.559859, -3.009618, -1.784181, 1.465846, -3.854399, -1.227590, -1.059666, 0
3.973990, 0, 2, 8, -1.530648, -2.862972, -1.771829, 1.476044, -3.678719, -1.220155, -1.295322, 0
3.989071, 0, 2, 8, -1.523752, -2.763141, -1.745339, 1.482731, -3.560896, -1.202997, -1.199538, 0
4.006194, 0, 2, 8, -1.499967, -2.610457, -1.733338, 1.489688, -3.415728, -1.155959, -1.418824, 0
4.021591, 0, 2, 8, -1.484134, -2.486524, -1.701873, 1.498102, -3.277970, -1.133194, -1.545147, 0
4.038459, 0, 2, 8, -1.499308, -2.413154, -1.659703, 1.498783, -3.227897, -1.100116, -1.417150, 0
4.055646, 0, 2, 8, -1.560682, -2.339171, -1.658015, 1.424879, -3.754416, -0.524058, -1.527910, 0
4.072575, 0, 2, 8, -1.501915, -2.184412, -1.625218, 1.464314, -3.349593, -0.718198, -1.688431, 0
4.086873, 0, 2, 8, -1.530729, -2.147244, -1.561867, 1.444947, -3.460329, -0.579193, -1.960646, 0
4.104877, 0, 2, 8, -1.509244, -2.039021, -1.559557, 1.480674, -3.134888, -0.756856, -2.074454, 0
4.118722, 0, 2, 8, -1.554401, -1.982549, -1.552886, 1.400678, -3.658134, -0.155932, -2.288279, 0
4.133277, 0, 2, 8, -1.492731, -1.822236, -1.540841, 1.459244, -3.141681, -0.486611, -1.874126, 0
4.150457, 0, 2, 8, -1.565878, -1.803896, -1.522665, 1.388135, -3.641925, 0.023747, -1.605741, 0
4.168074, 0, 2, 8, -1.508504, -1.676059, -1.541701, 1.417405, -3.338036, -0.110859, -1.948953, 0
4.185393, 0, 2, 8, -1.543119, -1.604240, -1.535732, 1.372229, -3.604605, 0.257715, -1.685260, 0
4.202108, 0, 2, 8, -1.464262, -1.383981, -1.554026, 1.419626, -3.152274, 0.080036, -1.750307, 0
4.219486, 0, 2, 4, -1.383307, -1.149424, -1.507689, 1.419416, -2.985758, 0.267755, -1.305169, 0
4.236336, 0, 2, 8, -1.543363, -1.288089, -1.565857, 1.322817, -3.712282, 0.823695, -1.666952, 0
4.250508, 0, 2, 8, -1.463293, -1.162466, -1.595965, 1.412808, -3.060280, 0.266733, -2.151326, 0
4.267394, 0, 2, 8, -1.455440, -1.012521, -1.583068, 1.385092, -3.155126, 0.567091, -1.437172, 0
4.284917, 0, 2, 8, -1.479143, -0.980740, -1.606203, 1.380735, -3.167206, 0.614392, -1.255942, 0
4.299498, 0, 2, 8, -1.486471, -0.908811, -1.644164, 1.358885, -3.263217, 0.799588, -1.797177, 0
4.326453, 0, 2, 8, -1.485076, -0.791287, -1.648561, 1.365022, -3.172442, 0.839467, -1.821602, 0
4.333541, 0, 2, 8, -1.468478, -0.691907, -1.641457, 1.367697, -3.096921, 0.888100, -1.757220, 0
4.350666, 0, 2, 8, -1.413381, -0.590232, -1.641675, 1.421293, -2.701845, 0.594522, -1.828387, 0
4.365931, 0, 2, 8, -1.485481, -0.510845, -1.659137, 1.311341, -3.307125, 1.401066, -1.922885, 0
4.382936, 0, 2, 8, -1.502665, -0.425743, -1.688789, 1.280333, -3.410871, 1.700442, -2.389998, 0
4.397974, 0, 2, 8, -1.424446, -0.345120, -1.656635, 1.405815, -2.685195, 0.863215, -1.705874, 0
4.416736, 0, 2, 8, -1.434051, -0.269533, -1.644999, 1.384657, -2.773522, 1.060734, -1.493585, 0
4.431555, 0, 2, 8, -1.448970, -0.203361, -1.645984, 1.382692, -2.765401, 1.116400, -1.550979, 0
4.450276, 0, 2, 8, -1.455387, -0.101908, -1.636103, 1.336561, -2.956827, 1.497217, -1.496437, 0
4.467101, 0, 2, 8, -1.508952, -0.109753, -1.705189, 1.295906, -3.165727, 1.796144, -2.547966, 0
4.483128, 0, 2, 8, -1.454804, 0.038941, -1.661446, 1.332735, -2.904010, 1.613962, -2.030663, 0
4.500255, 0, 2, 8, -1.432230, 0.144877, -1.647806, 1.327809, -2.861451, 1.730271, -2.160948, 0
4.515416, 0, 2, 8, -1.485560, 0.219238, -1.630521, 1.246555, -3.223800, 2.330338, -1.706026, 0
4.532349, 0, 2, 8, -1.428518, 0.307622, -1.628978, 1.303113, -2.895871, 1.997083, -1.999118, 0
4.547483, 0, 2, 8, -1.430134, 0.385628, -1.617113, 1.308512, -2.836865, 2.016824, -2.069158, 0
4.561704, 0, 2, 8, -1.425598, 0.478704, -1.608320, 1.265620, -2.967654, 2.356405, -1.843855, 0
4.578461, 0, 2, 8, -1.386328, 0.573543, -1.595394, 1.298703, -2.752429, 2.189916, -1.901650, 0
4.598015, 0, 2, 8, -1.384426, 0.643959, -1.569798, 1.326355, -2.598244, 2.062137, -2.106795, 0
4.612701, 0, 2, 8, -1.361444, 0.724116, -1.558829, 1.315193, -2.582725, 2.171287, -2.071455, 0
4.629683, 0, 2, 8, -1.391025, 0.804527, -1.544926, 1.296060, -2.648060, 2.335481, -1.869535, 0
4.644464, 0, 2, 8, -1.405833, 0.901281, -1.546017, 1.229284, -2.860987, 2.830136, -1.713510, 0
4.662186, 0, 2, 8, -1.360493, 0.980696, -1.492096, 1.314682, -2.449669, 2.321222, -1.296444, 0
4.676403, 0, 2, 8, -1.398685, 1.077202, -1.496288, 1.209637, -2.816433, 3.043803, -1.438619, 0
4.696278, 0, 2, 8, -1.319912, 1.171207, -1.507988, 1.265113, -2.514193, 2.720753, -1.758191, 0
4.710968, 0, 2, 8, -1.363798, 1.233912, -1.480432, 1.210098, -2.694500, 3.097224, -1.492227, 0
4.730632, 0, 2, 8, -1.323303, 1.309467, -1.493390, 1.244924, -2.504012, 2.899047, -1.658690, 0
4.744895, 0, 2, 8, -1.320166, 1.403295, -1.505381, 1.188689, -2.629955, 3.304089, -1.907587, 0
4.762489, 0, 2, 8, -1.273902, 1.490923, -1.466590, 1.198292, -2.513908, 3.278680, -1.536304, 0
4.776842, 0, 2, 8, -1.324414, 1.501126, -1.467452, 1.221804, -2.468079, 3.117672, -1.557934, 0
4.793751, 0, 2, 8, -1.241365, 1.599660, -1.475076, 1.259644, -2.227793, 2.934112, -1.757141, 0
4.810937, 0, 2, 8, -1.235242, 1.695196, -1.484794, 1.217630, -2.311484, 3.244586, -1.886326, 0
4.827905, 0, 2, 8, -1.219740, 1.761517, -1.432323, 1.223420, -2.239820, 3.233722, -1.455331, 0
4.841889, 0, 2, 8, -1.154613, 1.848983, -1.409268, 1.286272, -1.943995, 2.904990, -1.604629, 0
4.875688, 0, 2, 8, -1.172686, 1.967786, -1.417970, 1.194939, -2.178465, 3.485055, -1.691878, 0
4.893277, 0, 2, 8, -1.132781, 2.056556, -1.390916, 1.207346, -2.062008, 3.454365, -1.492438, 0
4.910039, 0, 2, 8, -1.133914, 2.145513, -1.384222, 1.166070, -2.128820, 3.741306, -1.447797, 0
4.958493, 0, 2, 8, -0.997043, 2.382559, -1.330222, 1.169045, -1.885008, 3.799815, -1.644103, 0
4.975426, 0, 2, 8, -1.035935, 2.417623, -1.318337, 1.148250, -1.923933, 3.917908, -1.254348, 0
4.992937, 0, 2, 8, -1.030229, 2.480532, -1.303842, 1.152944, -1.873969, 3.902492, -1.288454, 0
5.010045, 0, 2, 8, -0.987085, 2.571827, -1.290216, 1.125328, -1.850848, 4.104556, -1.199069, 0
5.026996, 0, 2, 8, -0.953134, 2.654988, -1.299258, 1.098142, -1.844456, 4.283621, -1.325404, 0
5.041397, 0, 2, 8, -0.937159, 2.675892, -1.287113, 1.127920, -1.746108, 4.094432, -1.309492, 0
5.058412, 0, 2, 8, -0.901583, 2.747138, -1.292595, 1.105815, -1.735327, 4.237156, -1.488638, 0
5.090465, 0, 2, 8, -0.833548, 2.903527, -1.277887, 1.093723, -1.619322, 4.359406, -1.413882, 0
5.107429, 0, 2, 8, -0.803022, 2.951614, -1.242381, 1.111481, -1.525351, 4.264448, -1.331806, 0
5.124573, 0, 2, 8, -0.765712, 3.025785, -1.254470, 1.088083, -1.512008, 4.411971, -1.531896, 0
5.139868, 0, 2, 8, -0.734529, 3.096861, -1.235568, 1.078579, -1.458997, 4.477103, -1.403328, 0
5.155896, 0, 2, 8, -0.709464, 3.122823, -1.232827, 1.090418, -1.405133, 4.403020, -1.597504, 0
5.204778, 0, 2, 8, -0.594487, 3.325661, -1.218124, 1.054926, -1.259873, 4.647579, -1.411465, 0
5.236103, 0, 2, 8, -0.456601, 3.450157, -1.184232, 1.112122, -0.988501, 4.404040, -1.520856, 0
5.252901, 0, 2, 4, -0.448956, 3.490055, -1.168861, 1.076303, -1.003124, 4.577800, -1.242156, 0
5.269870, 0, 2, 8, -0.428027, 3.574823, -1.200264, 1.032756, -1.021825, 4.815280, -1.363408, 0
5.286750, 0, 2, 8, -0.282982, 3.654203, -1.167773, 1.057014, -0.827451, 4.714742, -1.448066, 0
5.320721, 0, 2, 8, -0.286110, 3.747478, -1.185542, 1.013789, -0.840583, 4.928100, -1.418994, 0
5.337868, 0, 2, 8, -0.177272, 3.833327, -1.133244, 1.016148, -0.702490, 4.939688, -1.351723, 0
5.354554, 0, 2, 8, -0.199137, 3.871227, -1.185735, 0.973392, -0.755629, 5.140488, -1.435112, 0
5.368766, 0, 2, 8, -0.164792, 3.910238, -1.166127, 0.981267, -0.698300, 5.100518, -1.452598, 0
5.386158, 0, 2, 8, -0.134535, 3.964866, -1.159880, 0.968739, -0.655309, 5.167048, -1.383287, 0
5.403273, 0, 2, 8, -0.066393, 4.028725, -1.159117, 0.962449, -0.566946, 5.214742, -1.311685, 0
5.417385, 0, 2, 8, -0.030585, 4.048823, -1.131004, 0.985859, -0.492105, 5.100370, -1.247645, 0
5.432369, 0, 2, 8, 0.007962, 4.068188, -1.189914, 0.930422, -0.525811, 5.329852, -1.695812, 0
5.451928, 0, 2, 4, 0.120101, 4.197536, -1.163237, 0.940339, -0.352921, 5.354237, -1.368849, 0
5.466602, 0, 2, 8, 0.019237, 4.116375, -1.222337, 1.014206, -0.379411, 4.971073, -1.427424, 0
5.483636, 0, 2, 8, 0.213947, 4.280647, -1.119686, 0.976797, -0.203415, 5.212658, -1.406980, 0
5.498517, 0, 2, 8, -0.308841, 4.483057, -1.223690, 0.765375, -0.690465, 6.446834, -2.128977, 0
5.517276, 0, 2, 8, 0.182974, 4.292420, -1.202190, 0.987865, -0.186675, 5.115113, -1.419193, 0
5.534531, 0, 2, 8, 0.336525, 4.420253, -1.116713, 0.920903, -0.067088, 5.426323, -1.310185, 0
5.551379, 0, 2, 8, 0.352283, 4.401946, -0.971985, 0.968819, 0.064139, 5.203292, -0.794835, 0
5.568442, 0, 2, 8, 0.393371, 4.448915, -1.176117, 0.948647, 0.029872, 5.280851, -1.434396, 0
5.600047, 0, 2, 8, 0.491315, 4.431869, -1.240150, 0.932890, 0.112472, 5.255265, -1.690028, 0
5.616873, 0, 2, 7, 0.642168, 4.579297, -1.283344, 0.925406, 0.301915, 5.356659, -1.624033, 0
5.698133, 0, 2, 8, 0.531451, 4.647257, -1.007786, 0.614430, 0.165149, 6.312301, -0.942499, 0
5.712824, 0, 2, 4, 2.154446, 3.948476, -1.105639, 0.796156, 1.496994, 4.608096, -0.998342, 0
5.731712, 0, 2, 8, 0.582522, 3.770495, -0.995894, -0.295338, 0.633652, 8.845153, -1.264771, 0
5.780578, 0, 2, 4, 1.387088, 5.011548, -0.790047, 1.859379, 3.386575, 4.023797, -0.107292, 0
6.276388, 0, 3, 4, 1.646848, 10.313330, -0.586777, 0.928591, 1.200319, 6.456882, -0.448284, 0
6.290938, 0, 3, 8, 2.248333, 10.146327, -0.627092, 0.914701, 1.867144, 6.933767, -0.109707, 0
6.307591, 0, 3, 8, 2.149635, 10.112521, -0.535143, 0.797297, 2.027053, 9.673765, -1.116562, 0
6.326682, 0, 3, 8, 2.814976, 9.999382, -0.556812, 0.796982, 2.682285, 9.371679, -0.614240, 0
6.363235, 0, 3, 8, 2.727214, 9.880841, -0.495561, 0.732606, 2.820196, 10.190598, -0.219893, 0
6.365439, 0, 3, 8, 3.205618, 9.913035, -0.442492, 0.930910, 2.794934, 7.453247, -1.389912, 0
6.392902, 0, 3, 8, 3.563326, 9.963167, -0.410980, 0.928374, 3.133316, 7.481254, -1.331425, 0
6.407563, 0, 3, 8, 3.925213, 10.029091, -0.460703, 0.898998, 3.494548, 7.546777, -0.935723, 0
6.424466, 0, 3, 8, 3.883567, 10.129171, -0.442599, 0.921069, 3.405302, 7.458891, -1.389444, 0
6.439517, 0, 3, 8, 3.552211, 10.270978, -0.361088, 0.778869, 3.346983, 8.991956, 0.248210, 0
6.456412, 0, 3, 8, 3.807836, 10.321865, -0.445908, 0.845413, 3.398256, 8.507227, -1.352193, 0
6.474243, 0, 3, 8, 4.371267, 10.248218, -0.516122, 0.905618, 3.842864, 7.172322, -1.123722, 0
6.489098, 0, 3, 8, 4.289121, 10.317712, -0.545478, 0.855171, 3.795801, 7.780971, -1.117420, 0
6.505992, 0, 3, 8, 4.523968, 10.316341, -0.605079, 0.839543, 4.041575, 7.858915, -0.992594, 0
6.522762, 0, 3, 8, 4.835168, 10.281764, -0.669838, 0.929484, 4.260302, 6.720342, -1.630320, 0
6.537409, 0, 3, 8, 4.525836, 10.402452, -0.697483, 0.836122, 4.021621, 7.934656, -1.357219, 0
6.554899, 0, 3, 8, 4.433335, 10.471743, -0.639101, 0.781558, 3.986858, 8.447860, -0.996179, 0
6.568892, 0, 3, 8, 4.616825, 10.504582, -0.699131, 0.786501, 4.132300, 8.225179, -0.948423, 0
6.586212, 0, 3, 8, 4.628237, 10.498001, -0.664106, 0.768750, 4.172711, 8.440485, -0.934750, 0
6.603143, 0, 3, 8, 4.954256, 10.468272, -0.669761, 0.799476, 4.438026, 8.160503, -1.608776, 0
6.619183, 0, 3, 8, 4.992404, 10.533157, -0.529143, 0.746393, 4.471503, 7.964065, -0.521591, 0
6.636416, 0, 3, 8, 5.211356, 10.437811, -0.514986, 0.748924, 4.714977, 8.346283, -1.271058, 0
6.653258, 0, 3, 8, 5.276079, 10.480910, -0.314327, 0.758086, 4.692353, 7.902710, -1.224421, 0
6.667307, 0, 3, 8, 5.767176, 10.376864, -0.176730, 0.767937, 5.168975, 7.188453, -0.394846, 0
6.684495, 0, 3, 4, 6.694373, 10.313257, -0.220115, 0.831830, 6.002820, 7.058094, -1.784957, 0
6.701285, 0, 3, 8, 6.271582, 10.400058, -0.104382, 0.805656, 5.650753, 6.194011, 0.018280, 0
6.720839, 0, 3, 6, 7.051278, 10.350503, -0.185813, 0.780845, 6.338627, 7.245641, -1.656844, 0
6.734904, 0, 3, 4, 6.576167, 10.586929, 0.008641, 0.699559, 5.893508, 8.184615, -1.572063, 0
6.766421, 0, 3, 4, 6.432840, 10.632424, -0.215249, 0.709619, 5.765917, 6.797251, 0.090994, 0
6.783423, 0, 3, 4, 6.858896, 10.537594, -0.310132, 0.773245, 6.245482, 5.635018, 0.302341, 0
6.800406, 0, 3, 8, 6.597407, 10.687163, -0.298880, 0.655231, 6.024612, 7.100700, 0.692647, 0
6.817877, 0, 3, 8, 6.715849, 10.670243, -0.375242, 0.689467, 6.006048, 6.653147, -0.132868, 0
6.834767, 0, 3, 8, 6.653344, 10.574479, -0.418299, 0.518868, 6.275641, 9.302898, -2.889123, 0
6.861661, 0, 3, 8, 7.084127, 10.558862, -0.428150, 0.571083, 6.457390, 8.053949, -0.704889, 0
6.868675, 0, 3, 8, 7.203388, 10.514585, -0.397134, 0.601286, 6.521718, 7.603074, -0.776895, 0
6.883218, 0, 3, 8, 7.275546, 10.460606, -0.401313, 0.572085, 6.644657, 7.815505, -0.625334, 0
6.898110, 0, 3, 8, 7.485818, 10.345893, -0.399052, 0.608197, 6.788639, 7.239007, -1.136490, 0
6.915117, 0, 3, 8, 7.439045, 10.343469, -0.401365, 0.560627, 6.797119, 7.826052, -1.322609, 0
6.932188, 0, 3, 8, 7.417553, 10.362660, -0.430354, 0.513781, 6.850262, 8.339185, -1.252770, 0
6.949210, 0, 3, 8, 7.556714, 10.268483, -0.512750, 0.467822, 7.109807, 8.824649, -1.346010, 0
6.966136, 0, 3, 8, 7.806700, 10.226237, -0.559073, 0.490679, 7.298423, 8.493832, -1.560236, 0
6.978425, 0, 3, 8, 7.918108, 10.196162, -0.584449, 0.470630, 7.455277, 8.637202, -1.216126, 0
6.996040, 0, 3, 8, 7.973918, 10.263223, -0.602298, 0.462449, 7.522622, 8.718704, -0.907136, 0
7.017307, 0, 3, 8, 8.146585, 10.215614, -0.653758, 0.436068, 7.746178, 8.990153, -1.355820, 0
7.032444, 0, 3, 8, 8.244680, 10.233682, -0.682011, 0.439826, 7.816172, 8.922215, -1.584364, 0
7.044870, 0, 3, 8, 8.540336, 10.141973, -0.676748, 0.483652, 8.011082, 8.251890, -1.118723, 0
7.061884, 0, 3, 8, 8.512471, 10.194841, -0.702193, 0.437266, 8.070072, 8.837513, -1.934623, 0
7.079316, 0, 3, 8, 8.644899, 10.172919, -0.718308, 0.444605, 8.168141, 8.659741, -1.513970, 0
7.096384, 0, 3, 8, 8.812249, 10.168030, -0.739205, 0.456382, 8.294749, 8.480015, -1.513000, 0
7.113227, 0, 3, 8, 9.009282, 10.107066, -0.758032, 0.457852, 8.486863, 8.394990, -1.640341, 0
7.128060, 0, 3, 8, 9.063839, 10.152419, -0.744854, 0.447730, 8.544858, 8.454354, -1.235733, 0
7.144943, 0, 3, 8, 9.229557, 10.118328, -0.765660, 0.444755, 8.707987, 8.443886, -1.403755, 0
7.158920, 0, 3, 8, 9.242890, 10.135770, -0.780254, 0.391260, 8.839624, 8.993294, -1.493635, 0
7.176495, 0, 3, 8, 9.414204, 10.084151, -0.801920, 0.420696, 8.928988, 8.590208, -1.456947, 0
7.193681, 0, 3, 8, 9.384632, 10.121564, -0.850869, 0.373800, 9.005045, 9.068856, -1.624802, 0
7.211356, 0, 3, 8, 9.636134, 10.065252, -0.840440, 0.431059, 9.110603, 8.396701, -1.408337, 0
7.228299, 0, 3, 8, 9.781118, 10.004728, -0.879889, 0.416337, 9.285779, 8.468422, -1.536036, 0
7.242929, 0, 3, 8, 9.821973, 10.048273, -0.908232, 0.371882, 9.422141, 8.936795, -1.817163, 0
7.259824, 0, 3, 8, 10.034318, 9.969460, -0.927198, 0.375750, 9.621122, 8.794770, -1.578987, 0
7.274372, 0, 3, 8, 10.153403, 9.942878, -0.940518, 0.411548, 9.650820, 8.378322, -1.432227, 0
7.291303, 0, 3, 8, 10.296427, 9.949164, -0.976163, 0.377548, 9.861574, 8.706112, -1.542960, 0
7.308329, 0, 3, 8, 10.293948, 10.013282, -0.980958, 0.337822, 9.946684, 9.098911, -1.416806, 0
7.327920, 0, 3, 8, 10.552549, 9.895707, -1.031909, 0.386689, 10.080525, 8.504539, -1.550521, 0
7.354579, 0, 3, 8, 10.670956, 9.894474, -0.999960, 0.383565, 10.188231, 8.499228, -1.633481, 0
7.362279, 0, 3, 8, 10.808687, 9.880900, -1.046366, 0.394960, 10.294927, 8.363733, -1.727216, 0
7.376524, 0, 3, 8, 10.879221, 9.888445, -1.049939, 0.361556, 10.431804, 8.644406, -1.492635, 0
7.393450, 0, 3, 8, 10.973701, 9.882727, -1.100957, 0.350897, 10.543916, 8.715893, -1.653508, 0
7.410324, 0, 3, 8, 11.053969, 9.907938, -1.154159, 0.316489, 10.705386, 9.023750, -1.890207, 0
7.427009, 0, 3, 8, 11.128070, 9.903047, -1.173837, 0.308778, 10.790804, 9.060888, -1.699028, 0
7.443792, 0, 3, 8, 11.307653, 9.818874, -1.183740, 0.333468, 10.906802, 8.752849, -1.523941, 0
7.458262, 0, 3, 8, 11.399493, 9.796900, -1.210761, 0.332761, 10.994501, 8.725127, -1.673516, 0
7.474989, 0, 3, 4, 11.576259, 9.762344, -1.230195, 0.324554, 11.189259, 8.753800, -1.546134, 0
7.491890, 0, 3, 8, 11.671590, 9.739928, -1.258797, 0.328338, 11.270409, 8.690842, -1.834329, 0
7.508670, 0, 3, 8, 11.678179, 9.794727, -1.260669, 0.269485, 11.422047, 9.203254, -1.774018, 0
7.523574, 0, 3, 8, 11.863591, 9.744245, -1.273845, 0.319224, 11.468499, 8.745816, -1.805030, 0
7.542919, 0, 3, 8, 11.949378, 9.738936, -1.289572, 0.299133, 11.599289, 8.888572, -1.768987, 0
7.555461, 0, 3, 8, 12.101516, 9.664576, -1.298294, 0.336086, 11.661950, 8.519185, -1.712136, 0
7.574340, 0, 3, 8, 12.140321, 9.713485, -1.295996, 0.286015, 11.811231, 8.939935, -1.713044, 0
7.589491, 0, 3, 8, 12.249880, 9.694987, -1.321958, 0.301689, 11.874827, 8.788637, -1.866526, 0
7.608370, 0, 3, 8, 12.361356, 9.672258, -1.330445, 0.291011, 12.007783, 8.836132, -1.634160, 0
7.621116, 0, 3, 8, 12.494764, 9.615965, -1.361372, 0.321173, 12.066571, 8.548231, -1.720056, 0
7.638535, 0, 3, 8, 12.638878, 9.581640, -1.408189, 0.319285, 12.213464, 8.522783, -1.880882, 0
7.655683, 0, 3, 8, 12.689312, 9.610205, -1.392729, 0.291863, 12.318285, 8.741621, -1.680545, 0
7.669971, 0, 3, 8, 12.779541, 9.595750, -1.418291, 0.289577, 12.407627, 8.730284, -1.780415, 0
7.687347, 0, 3, 8, 12.889169, 9.560320, -1.419158, 0.280759, 12.536031, 8.750484, -1.661216, 0
7.704278, 0, 3, 8, 12.997136, 9.555222, -1.432015, 0.279734, 12.639198, 8.745602, -1.767651, 0
7.721292, 0, 3, 8, 13.086602, 9.537387, -1.439836, 0.261796, 12.768555, 8.838885, -1.836574, 0
7.735300, 0, 3, 8, 13.204401, 9.500030, -1.446220, 0.288776, 12.817194, 8.614900, -1.898178, 0
7.752095, 0, 3, 8, 13.272441, 9.508261, -1.435688, 0.263235, 12.936632, 8.780426, -1.692851, 0
7.769207, 0, 3, 8, 13.410423, 9.445516, -1.454227, 0.292892, 13.003794, 8.522598, -1.774193, 0
7.786033, 0, 3, 8, 13.470542, 9.463377, -1.463577, 0.268942, 13.109336, 8.679931, -1.800990, 0
7.802928, 0, 3, 8, 13.576490, 9.456603, -1.458006, 0.251567, 13.249976, 8.775184, -1.697028, 0
7.819755, 0, 3, 8, 13.668321, 9.433124, -1.472083, 0.273113, 13.285704, 8.610699, -1.860611, 0
7.854249, 0, 3, 8, 13.794099, 9.403282, -1.503708, 0.292021, 13.358425, 8.444267, -1.850738, 0
7.868481, 0, 3, 8, 13.890428, 9.399332, -1.497314, 0.258860, 13.523187, 8.639953, -1.737793, 0
7.885966, 0, 3, 8, 14.092111, 9.345271, -1.490099, 0.254233, 13.733914, 8.622894, -1.762971, 0
7.902711, 0, 3, 8, 14.195595, 9.301159, -1.487178, 0.280513, 13.776698, 8.427163, -1.705575, 0
7.919383, 0, 3, 8, 14.286906, 9.283716, -1.492457, 0.267153, 13.892732, 8.482791, -1.803785, 0
7.933369, 0, 3, 8, 14.354706, 9.298286, -1.496472, 0.246591, 13.997664, 8.603433, -1.721835, 0
7.950435, 0, 3, 8, 14.471240, 9.264122, -1.501952, 0.238182, 14.130416, 8.613251, -1.803039, 0
7.967336, 0, 3, 8, 14.590418, 9.211044, -1.499135, 0.227617, 14.284472, 8.619190, -2.076839, 0
7.984870, 0, 3, 8, 14.649490, 9.234777, -1.523899, 0.237814, 14.298180, 8.576386, -1.784375, 0
7.999362, 0, 3, 8, 14.789514, 9.168831, -1.524661, 0.224537, 14.473805, 8.580861, -1.972931, 0
8.016289, 0, 3, 8, 14.818096, 9.200971, -1.516843, 0.244753, 14.440825, 8.501634, -1.715315, 0
8.031130, 0, 3, 8, 14.884103, 9.192101, -1.526364, 0.206803, 14.590776, 8.678729, -1.758137, 0
8.049933, 0, 3, 8, 15.009440, 9.157642, -1.507981, 0.222701, 14.676214, 8.565525, -1.569358, 0
8.064825, 0, 3, 8, 15.116840, 9.124230, -1.540023, 0.169906, 14.917099, 8.783248, -2.046578, 0
8.081666, 0, 3, 8, 15.165744, 9.121504, -1.539789, 0.227172, 14.811370, 8.502843, -1.718705, 0
8.096378, 0, 3, 8, 15.332208, 9.014446, -1.539166, 0.209555, 15.029624, 8.486796, -1.986532, 0
8.115442, 0, 3, 8, 15.346195, 9.080772, -1.530157, 0.212579, 15.012484, 8.521830, -1.713049, 0
8.132285, 0, 3, 8, 15.632681, 9.023659, -1.364014, 0.870166, 15.676731, 5.722040, -4.568640, 0
8.149185, 0, 3, 8, 15.577698, 8.979749, -1.529560, 0.193432, 15.282671, 8.499801, -1.902946, 0
8.164193, 0, 3, 8, 15.616371, 8.993593, -1.521833, 0.227218, 15.232806, 8.354386, -1.666905, 0
8.181136, 0, 3, 8, 15.739964, 8.945244, -1.508329, 0.163716, 15.494208, 8.571986, -1.854368, 0
8.197887, 0, 3, 7, 15.814044, 8.943382, -1.514409, 0.157523, 15.573643, 8.582652, -1.914316, 0
8.229223, 0, 3, 7, 15.940001, 8.928784, -1.511141, 0.184066, 15.615448, 8.440522, -1.696757, 0
8.246143, 0, 3, 7, 16.065103, 8.847338, -1.489004, 0.144375, 15.827790, 8.510226, -1.836223, 0
8.265305, 0, 3, 7, 16.142202, 8.836965, -1.481512, 0.122654, 15.941482, 8.564274, -1.851924, 0
8.289785, 0, 3, 7, 16.208482, 8.866577, -1.531781, 0.178038, 15.860625, 8.363327, -1.757883, 0
8.299146, 0, 3, 7, 16.260035, 8.957979, -1.299535, 0.874553, 16.187560, 5.873404, -4.386587, 0
8.342276, 0, 3, 7, 16.443012, 8.764501, -1.504548, 0.120289, 16.191452, 8.429189, -1.892156, 0
8.347725, 0, 3, 7, 16.578903, 8.707456, -1.496214, 0.116050, 16.326771, 8.383559, -1.795813, 0
8.364566, 0, 3, 7, 16.707507, 8.600042, -1.487341, 0.091896, 16.504222, 8.337794, -1.535848, 0
8.379266, 0, 3, 6, 16.797410, 8.543340, -1.469557, 0.122521, 16.525595, 8.184413, -1.551573, 0
8.463128, 0, 3, 6, 17.681397, 8.788156, -1.121181, 0.072633, 18.061737, 8.335402, 0.188557, 0
8.477662, 0, 3, 6, 17.999805, 8.628427, -1.209298, 0.215763, 17.936142, 7.930923, -0.037436, 0
8.513901, 0, 3, 6, 17.578484, 8.319279, -1.641414, 0.232393, 17.075515, 7.679915, -1.943965, 0
9.135053, 0, 4, 4, 21.405810, 7.569026, 0.453596, -0.074663, 18.973765, 6.650312, -7.026302, 0
9.151894, 0, 4, 4, 21.545251, 6.926783, 0.183971, 0.099196, 13.768942, 4.262059, 1.408234, 0
9.166282, 0, 4, 4, 21.668226, 6.888517, -0.072295, -0.016569, 15.965334, 5.647285, -2.233594, 0
9.183298, 0, 4, 4, 21.831567, 6.719587, 0.288930, -0.484858, 24.507875, 6.681789, -4.058961, 0
9.217024, 0, 4, 4, 21.759510, 7.303915, 0.183806, 0.126797, 12.595041, 4.307412, -1.449024, 0
9.233845, 0, 4, 4, 21.387366, 4.666955, -0.229764, 0.563607, 8.042877, -6.204921, -0.147763, 0
9.250723, 0, 4, 4, 22.992821, 5.361679, 0.515537, 0.354005, 9.398568, -3.345958, 3.564660, 0
9.267920, 0, 4, 8, 22.513295, 9.530768, 0.271225, 0.847670, 4.779521, -3.972521, -8.614916, 0
9.285073, 0, 4, 4, 22.291416, 6.084055, 0.033658, -0.144575, 15.776119, 4.416908, 0.860880, 0
9.332928, 0, 4, 6, 22.613299, 6.494393, 0.244272, -0.155002, 17.250053, 4.990224, -6.787660, 0
9.347885, 0, 4, 8, 22.465063, 6.101543, 0.204014, -0.986217, 29.121377, 5.012769, -2.652489, 0
9.366766, 0, 4, 8, 22.465178, 7.019806, 0.252432, -0.722029, 25.094232, 6.800642, -4.693232, 0
9.398352, 0, 4, 8, 22.465611, 6.431876, 0.393693, -0.301865, 16.695608, 5.447241, -2.927911, 0
9.415320, 0, 4, 8, 22.921011, 5.708059, 0.577111, 0.057347, 10.488794, -0.884675, 3.307427, 0
9.432399, 0, 4, 8, 22.649769, 6.147891, 0.345240, -0.477177, 18.230654, 5.420047, 0.929055, 0
9.464211, 0, 4, 8, 22.862871, 5.645457, 0.615364, -0.221597, 13.754396, 2.211229, 3.060052, 0
9.480961, 0, 4, 8, 23.071554, 6.067987, 0.430067, -1.152500, 29.352762, 4.843015, -0.314585, 0
9.497758, 0, 4, 4, 22.989091, 4.442795, 0.167966, -1.060902, 27.693428, 3.653872, -3.964955, 0
9.713189, 0, 4, 8, 23.172605, 3.380972, 0.248838, -0.729052, 20.232137, 3.221339, -0.290795, 0
9.727609, 0, 4, 4, 23.048941, 2.272906, -0.031607, -0.480828, 17.739020, 1.275850, -3.643708, 0
9.744316, 0, 4, 8, 23.213195, 2.783774, 0.157624, -0.659332, 19.258199, 2.385858, -0.362285, 0
9.758555, 0, 4, 8, 23.267125, 2.551108, 0.133567, -1.228717, 27.295037, 1.885833, -3.263403, 0
9.775361, 0, 4, 8, 23.272286, 2.797692, 0.286960, -0.974783, 23.361964, 2.319272, 2.248512, 0
9.792106, 0, 4, 8, 23.266392, 2.521938, 0.235665, -0.804885, 21.098966, 2.378380, 0.459722, 0
9.828358, 0, 4, 8, 23.315082, 2.206037, 0.253110, -0.709353, 19.826835, 1.834183, 0.423725, 0
9.844983, 0, 4, 8, 23.339298, 2.123224, 0.170774, -1.059376, 24.586133, 2.186490, -2.064309, 0
9.859022, 0, 4, 8, 23.358547, 1.982155, 0.218038, -0.870132, 21.745502, 1.852314, 0.719470, 0
9.876328, 0, 4, 8, 23.293021, 1.953100, 0.316770, -0.677440, 19.176365, 1.485046, -0.012427, 0
9.890921, 0, 4, 8, 23.303304, 1.612192, 0.295846, -0.977973, 23.363786, 1.757605, -3.121104, 0
9.907878, 0, 4, 8, 23.271271, 1.267311, 0.380688, -0.996401, 23.172503, 1.275754, 0.354187, 0
9.927183, 0, 4, 4, 23.738677, 0.428383, 1.049737, 0.037337, 13.272276, -7.055999, 3.500367, 0
9.941476, 0, 4, 8, 23.996145, 1.763119, 0.472121, -1.692959, 31.133509, -1.171498, -3.625816, 0
9.974388, 0, 4, 4, 23.120127, 1.271395, 0.249649, -0.791335, 21.042292, 0.813153, -5.494553, 0
9.991416, 0, 4, 4, 22.977309, 0.199907, -0.073410, -1.264658, 25.995053, -0.868695, -5.908100, 0
10.006531, 0, 4, 4, 22.959747, 0.209612, 0.027329, -1.285696, 26.052849, -0.677782, -5.427090, 0
10.023605, 0, 4, 4, 22.945543, -0.180304, -0.120524, -1.322944, 26.281678, -1.386377, -5.868438, 0
10.040516, 0, 4, 4, 22.922365, -0.182853, -0.045827, -1.307454, 26.019651, -1.151150, -5.537514, 0
10.057414, 0, 4, 4, 22.900692, 0.378714, 0.137964, -0.765788, 20.726780, -0.500955, -6.281269, 0
10.106208, 0, 4, 4, 23.293125, -1.241184, -0.311718, -0.855666, 21.822969, -1.658062, -5.057334, 0
10.123383, 0, 4, 4, 22.817321, -1.227167, 0.316407, -0.986445, 22.268871, -2.244456, 2.859404, 0
10.172699, 0, 4, 4, 23.065116, -1.289278, -0.255504, -1.321011, 25.371694, -1.491280, -2.378378, 0
10.189821, 0, 4, 8, 23.092804, -0.740556, -0.250648, -0.876017, 20.989595, -0.765281, -1.613067, 0
10.204588, 0, 4, 8, 23.106684, -0.911568, -0.338476, -0.891592, 21.169382, -0.916585, -1.703262, 0
10.218950, 0, 4, 8, 23.090035, -1.174905, -0.389789, -0.841574, 20.685368, -1.284723, -1.734877, 0
10.233302, 0, 4, 8, 23.135918, -1.199341, -0.390900, -0.962296, 21.863825, -1.125807, -1.486709, 0
10.252664, 0, 4, 8, 23.111418, -1.338772, -0.439761, -0.942063, 21.636322, -1.309901, -1.296118, 0
10.269399, 0, 4, 8, 23.103901, -1.466142, -0.473619, -0.957881, 21.780773, -1.415911, -1.447415, 0
10.286246, 0, 4, 8, 22.984836, -1.771794, -0.607337, -0.674498, 19.215669, -2.421744, -2.221164, 0
10.303120, 0, 4, 8, 23.104374, -1.756300, -0.520845, -0.988472, 22.032483, -1.752364, -0.751329, 0
10.320093, 0, 4, 8, 23.100307, -1.853027, -0.568414, -1.013956, 22.259172, -1.768933, -1.529942, 0
10.334767, 0, 4, 8, 23.057642, -2.040476, -0.614011, -0.930168, 21.471618, -2.049991, -1.508657, 0
10.351719, 0, 4, 8, 23.050524, -2.140688, -0.605186, -0.971162, 21.823568, -2.129771, -1.121704, 0
10.368515, 0, 4, 8, 23.052910, -2.271399, -0.687996, -0.970973, 21.843550, -2.231063, -2.070148, 0
10.385539, 0, 4, 8, 23.007003, -2.419657, -0.681874, -0.935287, 21.478653, -2.465510, -1.169079, 0
10.400030, 0, 4, 8, 22.978254, -2.526413, -0.744396, -0.915100, 21.286410, -2.582996, -1.708460, 0
10.417012, 0, 4, 8, 22.999641, -2.631261, -0.778788, -0.963674, 21.705984, -2.635007, -1.471682, 0
10.433889, 0, 4, 8, 22.989828, -2.730595, -0.817354, -0.955525, 21.628445, -2.741192, -1.691629, 0
10.451204, 0, 4, 8, 22.953553, -2.937733, -0.849092, -0.948084, 21.557734, -2.971160, -1.547767, 0
10.467992, 0, 4, 8, 22.970174, -2.999508, -0.866002, -0.985522, 21.858422, -3.000258, -1.412404, 0
10.484949, 0, 4, 8, 22.959142, -3.130866, -0.944617, -0.953224, 21.616176, -3.158155, -1.935034, 0
10.501666, 0, 4, 8, 22.958939, -3.239426, -0.969007, -0.960257, 21.680197, -3.262058, -1.788562, 0
10.516022, 0, 4, 8, 22.928200, -3.387287, -0.981031, -0.944149, 21.550246, -3.449915, -1.440698, 0
10.532960, 0, 4, 8, 22.942045, -3.455764, -1.050037, -0.960422, 21.702717, -3.487284, -2.147247, 0
10.549820, 0, 4, 8, 22.873871, -3.634166, -1.091646, -0.893128, 21.176149, -3.774026, -1.855379, 0
10.566549, 0, 4, 8, 22.901220, -3.682202, -1.127337, -0.958812, 21.678980, -3.726656, -2.053804, 0
10.583250, 0, 4, 8, 22.874497, -3.808772, -1.133823, -0.930168, 21.470075, -3.896762, -1.700334, 0
10.598011, 0, 4, 8, 22.854606, -3.972426, -1.173704, -0.932364, 21.504967, -4.058170, -1.773736, 0
10.615114, 0, 4, 8, 22.695564, -4.260756, -1.252796, -0.849338, 20.951808, -4.542193, -2.711211, 0
10.632093, 0, 4, 8, 22.809407, -4.109945, -1.176109, -0.857253, 21.022269, -4.373588, -1.058693, 0
10.647056, 0, 4, 8, 22.823075, -4.357233, -1.309121, -1.007894, 22.066500, -4.374264, -2.200405, 0
10.663980, 0, 4, 8, 22.822222, -4.540142, -1.396614, -1.062011, 22.480138, -4.590956, -2.854640, 0
10.682862, 0, 4, 8, 22.896665, -4.411626, -1.376582, -1.082463, 22.630987, -4.388543, -2.038808, 0
10.699586, 0, 4, 8, 22.726746, -4.957327, -1.447232, -1.175391, 23.056292, -4.946847, -2.238557, 0
10.716399, 0, 4, 4, 22.715903, -5.151920, -1.494961, -1.179614, 23.066165, -5.137983, -1.933424, 0
10.745903, 0, 4, 4, 21.843197, -6.401205, -1.470272, -1.566696, 23.908607, -7.464311, 0.889093, 0
10.764899, 0, 4, 4, 22.954383, -5.503170, -1.453989, -0.369357, 19.780707, -7.428224, 0.779432, 0
10.830514, 0, 4, 4, 22.579358, -5.721182, -2.036114, -1.240963, 23.480936, -5.759812, -1.848910, 0
10.847250, 0, 4, 4, 22.442156, -6.237907, -1.589892, -1.150231, 22.905286, -6.225239, -1.563486, 0
10.861294, 0, 4, 4, 22.459638, -6.287747, -1.578888, -1.132243, 22.887723, -6.273451, -1.583764, 0
10.879024, 0, 4, 4, 22.509852, -6.314907, -1.551293, -1.117249, 22.912026, -6.314359, -1.459856, 0
10.895674, 0, 4, 4, 22.389634, -6.562896, -1.514665, -1.098902, 22.729544, -6.549536, -1.446288, 0
11.058598, 0, 4, 6, 22.488631, -7.009438, -1.971575, -0.907915, 22.627043, -7.173652, -3.075523, 0
11.108607, 0, 4, 5, 22.420928, -7.892997, -1.760949, -0.735473, 22.108106, -8.045601, -2.678994, 0
